カテゴリ,項目,習得度
調剤室業務,処方箋の停滞しているときは適時応援し、調剤室全体の円滑なる運営に協力する,4
調剤室業務,平日1日の流れを説明できる,4
調剤室業務,各診療科ごとに定期処方の開始日が設けられていることを理解している,5
調剤室業務,定期処方の締め切り時間は、前日8時であることを理解している,4
調剤室業務,院内処方せんに記載されている記号★◆の意味が分かる,5
調剤室業務,院内処方せんに記載されている記号◎〇×の意味が分かる,5
調剤室業務,院内処方せんに記載されている記号【＊】【○】半の意味が分かる,5
調剤室業務,院内処方せんに記載されている記号【粉砕】★秤量★「ハイリスク」の意味が分かる,5
調剤室業務,院内処方せんに記載されている記号M・！・P・S・Hの意味が分かる,5
調剤室業務,検査値からわかる禁忌を判断できる,4
調剤室業務,検査値からわかる投与量変更を判断できる,4
調剤室業務,小児薬用量を判断できる,4
調剤室業務,一部の病名（糖尿病・喘息・緑内障など）禁忌を判断できる,3
調剤室業務,チェックボックス □ は、該当する物をすべて（1個～複数）をチェックすることができる,5
調剤室業務,処方箋上の表記（医薬品名、併用薬、用法、用量、投与日数、年齢、性別など）が適切であるか確認できる,3
調剤室業務,処方箋上に↑↓が表示されている場合、用量に特に注意して確認できる,4
調剤室業務,「初」の場合、特に注意し、確認事項（禁忌なし・併用禁忌なし等）を確認できる,4
調剤室業務,内服抗がん剤が処方された場合、休薬期間の確認ができる,4
調剤室業務,「★秤量★」が表示されている場合でも、分包品がある薬剤があることを理解している,5
調剤室業務,外来にて特殊な事情で院内処方を希望する場合は、院内処方許可申請書の提出が必要であることを理解している,5
調剤室業務,当院透析中のエベレンゾ、ダーブロックは外来院内処方可であることを理解している,3
調剤室業務,不明な点があれば疑義照会を行うことができる,4
調剤室業務,疑義照会をする際、処方医が外来中でないか確認できる,5
調剤室業務,疑義照会をしたいが、処方医が外来中・所在不明・不在の場合の対応がわかる,5
調剤室業務,疑義照会後、疑義照会システムに照会内容、結果を登録することができる,5
調剤室業務,必要な場合、特記コメントを入力することができる,5
調剤室業務,特記コメントを確認し、適切であるかチェックできる,5
調剤室業務,疑義照会なしで修正可能な項目があることを理解している,5
調剤室業務,入院処方の修正の方法がわかる,5
調剤室業務,入院処方の削除の方法がわかる,5
調剤室業務,医薬品返却報告書の運用がわかる,5
調剤室業務,外来「院内」処方の修正の方法がわかる,5
調剤室業務,外来「院内」処方の削除の方法がわかる,5
調剤室業務,外来「院外」処方の修正の方法がわかる,5
調剤室業務,外来「院外」処方の削除の方法がわかる,5
調剤室業務,院外処方箋における疑義照会事前同意に基づく処方修正報告書の運用がわかる,4
調剤室業務,研修医の処方の修正・削除の方法がわかる,5
調剤室業務,修正前の一包化を含むデータは、処方修正した者がXana画面から削除することを理解している,5
調剤室業務,計数調剤ができる,5
調剤室業務,散剤や外用剤の予製品があることを知っている,5
調剤室業務,軟膏の小分け調剤ができる,5
調剤室業務,軟膏の混合調剤ができる,5
調剤室業務,分割使用可能な貼付剤があることを理解している,3
調剤室業務,レスピマットの払い出し方法がわかる,3
調剤室業務,PDAを用いた調剤棚への薬品補充および返却方法がわかる,5
調剤室業務,散剤の計量調剤ができる,5
調剤室業務,散剤を混和する場合は、乳棒・乳鉢を適切に扱える,5
調剤室業務,散剤分包機での重ねまきの方法がわかる,5
調剤室業務,散剤の用法に応じた1日あたりの基準量がわかる,4
調剤室業務,散剤にて、デンプン賦形をするもの、混合・賦形を行わない、内用液剤とするものがあることを知っている,5
調剤室業務,散剤にて、主薬が0.1g未満の場合の調剤方法がわかる,3
調剤室業務,散剤分包機の洗い方法が、薬品に応じて違うことを知っている,4
調剤室業務,経腸栄養剤のフレーバーは、フレーバー請求用紙または手書き処方箋で対応することをしっている,4
調剤室業務,錠剤の粉砕や脱カプセルでの調剤方法がわかる,4
調剤室業務,鑑査システムのローカルモード・リモートモードを使い分けられる,5
調剤室業務,水剤の計量調剤ができる,5
調剤室業務,水剤にて、適切な投薬瓶を選択できる,5
調剤室業務,水剤にて、投薬瓶の適切な色の蓋を選択できる,5
調剤室業務,水剤の調剤後、適切な計量器を添付できる,5
調剤室業務,トリクロリールシロップの調剤ができる,4
調剤室業務,インクレミンシロップの調剤ができる,5
調剤室業務,ファンギゾンシロップの調剤ができる,5
調剤室業務,薬品瓶を開封した場合は、開封年月日を薬品瓶に記載できる,5
調剤室業務,生理食塩水と精製水の開封後の使用期限がわかる,5
調剤室業務,「水剤が足りない」と病棟から連絡を受けた場合の対応がわかる,4
調剤室業務,水剤の使用期限を適切に記載できる,4
調剤室業務,水剤調製後、遮光が必要な薬剤があることを知っている,3
調剤室業務,救急外来でボスミン液（原液）の小分けを請求された場合の対応がわかる,3
調剤室業務,Xanaの使用方法がわかる,5
調剤室業務,Xanaデータの送信ができる,5
調剤室業務,Xanaにて、コンベアトレーもしくはUFを用いて分包ができる,5
調剤室業務,分包データの復帰方法がわかる,5
調剤室業務,分包データの削除方法がわかる,5
調剤室業務,分包データの割り込み方法がわかる,5
調剤室業務,Xanaの補充方法がわかる,5
調剤室業務,Xanaのインクリボンの交換方法がわかる,5
調剤室業務,Xanaの分包紙の交換方法がわかる,5
調剤室業務,ワインダーの使用方法がわかる,5
調剤室業務,MDMの使用方法がわかる,5
調剤室業務,MDCの使用方法がわかる,5
調剤室業務,内服・外用麻薬の調剤ができる,5
調剤室業務,フェントステープの調剤ができる,5
調剤室業務,内服・外用麻薬の鑑査ができる,3
調剤室業務,内服・外用麻薬の鑑査後の対応がわかる,5
調剤室業務,内服・外用麻薬処方の削除方法がわかる,4
調剤室業務,内服・外用麻薬調剤時の修正方法がわかる,4
調剤室業務,内服・外用麻薬処方箋の再発行について理解している,1
調剤室業務,麻薬事故の対応方法がわかる,1
調剤室業務,外来内服・外用麻薬処方の対応方法がわかる,4
調剤室業務,返却内服・外用外用麻薬の対応ができる,5
調剤室業務,持参薬麻薬受け入れ報告書の運用を理解している,3
調剤室業務,内服・外用麻薬特殊麻薬調剤があることを知っている,3
調剤室業務,慢性疼痛の確認書について知っている,3
調剤室業務,注射麻薬の調剤ができる,5
調剤室業務,注射麻薬の鑑査ができる,5
調剤室業務,注射麻薬の鑑査後の対応がわかる,5
調剤室業務,手書き麻薬処方せんの対応がわかる,4
調剤室業務,返却注射麻薬の対応ができる,5
調剤室業務,返却ポンプ（麻薬）の対応がわかる,3
調剤室業務,全量廃棄（麻薬）の対応がわかる,5
調剤室業務,ICU常備麻薬の対応がわかる,3
調剤室業務,注射麻薬の削除・修正方法がわかる,4
調剤室業務,手術室用麻薬の準備ができる,2
調剤室業務,内視鏡麻薬の準備ができる,4
調剤室業務,内視鏡麻薬の払い出しができる,5
調剤室業務,内視鏡麻薬の返却対応ができる,5
調剤室業務,注射麻薬特殊調剤があることを知っている,3
調剤室業務,グレードA（麻薬）について知っている,5
調剤室業務,無痛分娩（麻薬）について知っている,5
調剤室業務,麻薬在庫数の確認方法がわかる,4
調剤室業務,自動調剤棚マルチケースユニットによる毒薬・向精神薬の調剤ができる,4
調剤室業務,自動調剤棚マルチケースユニットへの補充作業・返却方法がわかる,4
調剤室業務,自動調剤棚マルチケースユニットでの例外払い出しの方法がわかる,5
調剤室業務,自動調剤棚マルチケースユニットの在庫数確認方法がわかる,3
調剤室業務,調剤鑑査ができる,4
調剤室業務,鑑査ができる,4
調剤室業務,一包化調剤の鑑査ができる,4
調剤室業務,散剤の鑑査ができる,4
調剤室業務,水剤の鑑査ができる,4
調剤室業務,外用剤の鑑査ができる,4
調剤室業務,サリドマイド系薬剤の調剤方法がわかる,4
調剤室業務,サリドマイド系薬剤の鑑査方法がわかる,4
調剤室業務,サリドマイド系薬剤の払い出し方法がわかる,4
調剤室業務,パッチテスト・DLST用薬剤について知っている,4
調剤室業務,経口用バンコマイシンについて知っている,1
調剤室業務,経口抗がん剤の調剤・鑑査ができる,1
調剤室業務,ベナンバックス（吸入用）の調剤ができる,1
調剤室業務,HIV針刺しの対応を知っている,2
調剤室業務,ミラクリッド膣坐剤の運用を知っている,2
調剤室業務,その他、特別対応が必要な薬剤がマニュアルに載っていることを知っている,3
調剤室業務,病棟常備薬（必要時処方）について理解している,5
調剤室業務,必要時特定薬剤発行の方法がわかる,5
調剤室業務,医薬品欠品時の対応がわかる,2
調剤室業務,窓口業務ができる,4
調剤室業務,外来服薬指導ができる　,3
調剤室業務,調剤変更依頼書の運用を理解している,5
調剤室業務,調剤変更ができる、分包機の使用方法がわかる,5
調剤室業務,薬剤（処方・請求）が見つからない場合の対応方法がわかる,2
調剤室業務,併用禁忌の運用がわかる,2
調剤室業務,手書き処方せんの運用がわかる,2
調剤室業務,TOSHO　PC再起動の方法がわかる,2
調剤室業務,薬袋・処方せん再発行方法がわかる,4
調剤室業務,薬袋発行プリンタを１台／２台にする方法がわかる,1
注射室業務,8:30-11:00の業務がわかる,5
注射室業務,定時の最終発行時間がわかる,5
注射室業務,外来の最終発行時間がわかる,5
注射室業務,削除せん処理の時間がわかる,4
注射室業務,転倒処理の時間がわかる,5
注射室業務,休前日や長期連休の場合は、何日分まで発行するかわかる（定時・化学療法・外来）,3
注射室業務,「定時」の定義がわかる,5
注射室業務,「緊急」の定義がわかる,5
注射室業務,「修正」の定義がわかる,5
注射室業務,「削除」の定義がわかる,5
注射室業務,「入院必要時」の定義がわかる,5
注射室業務,「入院先渡」の定義がわかる,5
注射室業務,「入院化療」の定義がわかる,5
注射室業務,「無菌入院化療」の定義がわかる,5
注射室業務,「外来」の定義がわかる,5
注射室業務,「外来必要時」の定義がわかる,5
注射室業務,「外来先渡」の定義がわかる,5
注射室業務,「外来化療」の定義がわかる,5
注射室業務,「麻薬注射」の定義がわかる,5
注射室業務,検品ができる、欠品連絡票を知っている（基本的に事務員が実施）,1
注射室業務,物流システムによる払出し運用がわかる,4
注射室業務,分割使用する薬剤があることを知っている,4
注射室業務,部門システムと物流システムの連携についてわかる,3
注射室業務,特殊な常備薬(トリクロリールシロップ・白色ワセリン・インフルエンザワクチン)の払出がわかる,5
注射室業務,「ストック返し」の運用がわかる,5
注射室業務,「ストック返し」の発行ができる（外来ストック返し・救外ストック返し・病棟ストック返し）,3
注射室業務,「ストック返し」の取り集めができる,5
注射室業務,「ストック返し」取り集め後の鑑査ができる,5
注射室業務,定時発行手順（休前日・休日2日前以外の平日）を知っている,3
注射室業務,定時発行手順（木曜日(休日2日前)）を知っている,3
注射室業務,定時発行手順（2連休以上の休前日（金曜日））を知っている,3
注射室業務,定時発行手順（休前日（翌日のみ休日））を知っている,3
注射室業務,取り集めができる,4
注射室業務,取り集め後の鑑査ができる,4
注射室業務,不足が生じた場合の対応がわかる,1
注射室業務,不足分が納品された後の対応がわかる,5
注射室業務,定時注射の調剤ができる,5
注射室業務,IRISでのチェック項目を確認できる,5
注射室業務,薬剤コメントがある場合にそれをチェックできる,5
注射室業務,疑義が生じた場合は、疑義照会を行える,5
注射室業務,疑義照会の結果を疑義照会システムに入力できる,5
注射室業務,特記コメントを確認できる,5
注射室業務,特記コメントを入力できる,5
注射室業務,定時注射の鑑査ができる,5
注射室業務,鑑査後の生食シリンジや生食2L、冷所品、7西のフィルグラスチムの処理ができる,5
注射室業務,当日払い出さないカートの注意事項がわかる,2
注射室業務,カートの搬送時間がわかる,4
注射室業務,カートの上にものを載せる場合の注意事項がわかる,4
注射室業務,定時分の向精神薬や筋弛緩薬の払い出し方法がわかる,4
注射室業務,緊急・必要時の払い出しができる,5
注射室業務,薬剤の送付ができる,5
注射室業務,未来日外来の調剤ができる,5
注射室業務,未来日外来の鑑査ができる,5
注射室業務,未来日外来の鑑査後の処理方法がわかる,5
注射室業務,当日外来の払い出しができる,5
注射室業務,化学療法のうち、薬剤科でミキシングするものがわかる,3
注射室業務,レジメンチェックができる,3
注射室業務,外来化学療法の発行ができる,5
注射室業務,外来化学療法の調剤ができる,5
注射室業務,外来化学療法の併用レジメンの対応がわかる,5
注射室業務,外来化学療法の鑑査ができる,5
注射室業務,入院化療の発行ができる,5
注射室業務,「入院化療確定患者一覧」、「入院化療病棟一覧」を印刷できる,5
注射室業務,入院化療の調剤ができる,5
注射室業務,「入院化療確定患者一覧」の記載ができる,5
注射室業務,入院化療のリマインダーが必要なものの実施ができる,4
注射室業務,入院化療の鑑査ができる,5
注射室業務,無菌化療の発行ができる,5
注射室業務,無菌化療の調剤ができる,5
注射室業務,無菌化療で、安定性が低い薬剤には札をつけられる,5
注射室業務,無菌化療の鑑査ができる,5
注射室業務,化学療法の修正・中止についてわかる,5
注射室業務,返却薬や廃棄薬の対処がわかる,3
注射室業務,終了業務：削除せんの処理ができる,4
注射室業務,終了業務：電子カルテ承認一覧(注射)で「否認」の確認ができる,5
注射室業務,終了業務：足分出庫伝票に書かれている薬剤や未出庫分クリップの伝票の確認ができる,1
注射室業務,終了業務：ボトックス失活のTELきたことを管理台帳にて確認できる,5
注射室業務,終了業務：翌日分の化療の未発行がないことを確認できる,5
注射室業務,終了業務：日当直帯（平日0時～8時30分、休日）に開始になるレジメンがないか一覧表をもとに確認できる,5
注射室業務,終了業務：転棟処理ができる,5
注射室業務,終了業務：内視鏡、心血管造影室、中央処置室の向精神薬・毒薬の補充・チェックができる,5
注射室業務,終了業務：カートの鍵を閉められる,5
注射室業務,ピッキングマシンに薬剤を補充できる,3
注射室業務,冷所のピッキングマシン搭載カセットがあることを知っている,5
注射室業務,特定生物由来製品および血液製剤代替医薬品の調剤・鑑査ができる,3
注射室業務,ストック返しに向精神薬（第一種、第二種）・筋弛緩薬・毒薬があった場合の対応がわかる,5
注射室業務,毒薬管理システムでの例外払い出しの方法がわかる,5
注射室業務,向精神薬・筋弛緩薬事故報告書があることを知っている,1
注射室業務,向精神薬（第一種、第二種）・筋弛緩薬・毒薬の在庫確認ができる,3
注射室業務,ボトックスの運用がわかる,5
注射室業務,サビーンの運用がわかる,1
注射室業務,輸入ワクチンの運用がわかる,1
注射室業務,一般病棟でオーダーされた場合、処方の妥当性を確認を行う薬剤があることを知っている,1
注射室業務,原液使用禁止薬剤があることを知っている,2
注射室業務,カリウム製剤の誤投与または急速静注を防止するために対策していることを知っている,4
注射室業務,高濃度静注用カリウム液の運用を知っている,3
注射室業務,放射性医薬品の運用を知っている,3
注射室業務,患者限定薬剤の対応を知っている,1
注射室業務,サンシステムハンディ端末の使用方法がわかる,1
注射室業務,手書き注射請求伝票の対応がわかる,1
注射室業務,医薬品を破損した場合の対応がわかる,3
注射室業務,遮光袋の場所がわかる,4
注射室業務,ゴミ出しの場所がわかる,5
注射室業務,物品シールがわかる,5
